logid,logdate,logtimestamp,ordernumber,orderdbid,loguser,resp_json,old_address,new_address
4050352,2025-03-21 02:26:22,1742505982,765550,625344,74,,,
4050364,2025-03-21 03:06:28,1742508388,765557,625351,74,,,
4050421,2025-03-21 05:18:53,1742516333,765591,625385,74,,,
4050462,2025-03-21 06:55:53,1742522153,765620,625414,74,,,
4051980,2025-03-21 13:01:28,1742544088,765667,625461,74,,,
4052769,2025-03-22 00:35:41,1742585741,765756,625550,74,,,
4052791,2025-03-22 01:17:10,1742588230,765768,625562,74,,,
4052792,2025-03-22 01:17:10,1742588230,765769,625563,74,,,
4052884,2025-03-22 02:26:53,1742592413,765784,625578,74,,,
4054592,2025-03-22 14:28:27,1742635707,765941,625735,74,,,
4054593,2025-03-22 14:28:27,1742635707,765942,625736,74,,,
4054600,2025-03-22 14:29:28,1742635768,765944,625738,74,,,
4055119,2025-03-22 17:21:45,1742646105,765964,625758,74,,,
4055169,2025-03-22 19:08:26,1742652506,765971,625765,74,,,
4055184,2025-03-22 19:52:26,1742655146,765982,625776,74,,,
4055287,2025-03-23 00:59:06,1742673546,766041,625835,74,,,
4055384,2025-03-23 02:04:52,1742677492,766068,625862,74,,,
4055392,2025-03-23 02:24:08,1742678648,766073,625867,74,,,
4055393,2025-03-23 02:24:08,1742678648,766074,625868,74,,,
4055478,2025-03-23 07:36:26,1742697386,766155,625949,74,,,
4055565,2025-03-23 10:05:21,1742706321,766175,625969,74,,,
4055722,2025-03-23 14:31:56,1742722316,766196,625990,74,,,
4055739,2025-03-23 18:00:10,1742734810,766212,626006,74,,,
4055777,2025-03-23 20:33:28,1742744008,766237,626031,74,,,
4055783,2025-03-23 20:44:08,1742744648,766242,626036,74,,,
4055915,2025-03-24 02:15:33,1742764533,766318,626112,74,,,
4055976,2025-03-24 04:57:59,1742774279,766356,626150,74,,,
4055979,2025-03-24 05:00:30,1742774430,766358,626152,74,,,
4056033,2025-03-24 08:18:48,1742786328,766430,626224,74,,,
4056036,2025-03-24 08:27:13,1742786833,766435,626229,74,,,
4056875,2025-03-24 11:40:12,1742798412,766473,626267,74,,,
4058070,2025-03-24 17:50:13,1742820613,766553,626349,74,,,
4058199,2025-03-25 00:24:18,1742844258,766610,626406,74,,,
4058205,2025-03-25 00:42:21,1742845341,766613,626409,74,,,
4058390,2025-03-25 03:51:33,1742856693,766656,626452,74,,,
4058391,2025-03-25 03:51:48,1742856708,766657,626453,74,,,
4060186,2025-03-25 14:14:58,1742894098,766782,626578,74,,,
4060971,2025-03-25 22:45:37,1742924737,766845,626641,74,,,
4060972,2025-03-25 22:45:37,1742924737,766846,626642,74,,,
4061270,2025-03-26 05:18:38,1742948318,766925,626721,74,,,
4063094,2025-03-26 16:21:45,1742988105,767045,626842,74,,,
4063451,2025-03-27 00:32:47,1743017567,767131,626928,74,,,
4063452,2025-03-27 00:32:47,1743017567,767132,626929,74,,,
4063460,2025-03-27 00:51:17,1743018677,767136,626933,74,,,
4063673,2025-03-27 06:56:30,1743040590,767236,627033,74,,,
4063675,2025-03-27 07:05:20,1743041120,767236,627033,74,,,
4065840,2025-03-27 18:42:16,1743082936,767350,627147,74,,,
4065873,2025-03-27 19:40:30,1743086430,767360,627157,74,,,
4065906,2025-03-27 20:25:09,1743089109,767366,627163,74,,,
4065965,2025-03-27 22:14:28,1743095668,767383,627180,74,,,
4065998,2025-03-27 23:07:24,1743098844,767393,627190,74,,,
4066066,2025-03-28 01:23:49,1743107029,767414,627211,74,,,
4066160,2025-03-28 02:38:05,1743111485,767432,627229,74,,,
4066203,2025-03-28 05:28:02,1743121682,767477,627274,74,,,
4067357,2025-03-28 13:20:57,1743150057,767546,627344,74,,,
4068129,2025-03-28 17:34:31,1743165271,767579,627377,74,,,
4068269,2025-03-28 20:39:31,1743176371,767615,627413,74,,,
4068335,2025-03-28 23:33:40,1743186820,767642,627440,74,,,
4068449,2025-03-29 02:12:14,1743196334,767675,627473,74,,,
4068535,2025-03-29 05:35:09,1743208509,767742,627540,74,,,
4070328,2025-03-29 19:44:26,1743259466,767868,627667,74,,,
4070369,2025-03-29 20:37:02,1743262622,767885,627684,74,,,
4070373,2025-03-29 20:49:38,1743263378,767888,627687,74,,,
4070447,2025-03-29 23:10:53,1743271853,767928,627728,74,,,
4070544,2025-03-30 01:37:02,1743280622,767967,627767,74,,,
4070624,2025-03-30 02:30:14,1743283814,767975,627775,74,,,
4070639,2025-03-30 03:24:12,1743287052,767985,627785,74,,,
4070664,2025-03-30 05:37:26,1743295046,768020,627820,74,,,
4070893,2025-03-30 15:21:20,1743330080,768095,627895,74,,,
4070895,2025-03-30 15:37:52,1743331072,768096,627896,74,,,
4071056,2025-03-30 17:22:36,1743337356,768102,627902,74,,,
4071072,2025-03-30 19:08:06,1743343686,768117,627917,74,,,
4071127,2025-03-30 23:04:33,1743357873,768156,627956,74,,,
4071193,2025-03-31 01:18:49,1743365929,768197,627997,74,,,
4071298,2025-03-31 04:58:45,1743379125,768238,628038,74,,,
4071303,2025-03-31 05:14:47,1743380087,768239,628039,74,,,
4071304,2025-03-31 05:14:47,1743380087,768240,628040,74,,,
4071370,2025-03-31 08:30:29,1743391829,768305,628105,74,,,
4071717,2025-03-31 12:41:58,1743406918,768324,628124,74,,,
4071880,2025-03-31 18:49:31,1743428971,768373,628173,74,,,
4071928,2025-03-31 21:29:51,1743438591,768395,628195,74,,,
4072722,2025-04-01 13:51:57,1743497517,768537,628337,74,,,
4072798,2025-04-01 16:29:38,1743506978,768562,628362,74,,,
4072831,2025-04-01 18:02:29,1743512549,768574,628374,74,,,
4072876,2025-04-01 19:01:35,1743516095,768583,628383,74,,,
4072917,2025-04-01 20:20:31,1743520831,768596,628396,74,,,
4072997,2025-04-01 22:47:44,1743529664,768617,628417,74,,,
4073029,2025-04-02 01:10:23,1743538223,768637,628437,74,,,
4073157,2025-04-02 03:18:00,1743545880,768654,628454,74,,,
4073176,2025-04-02 05:26:01,1743553561,768683,628483,74,,,
4073614,2025-04-02 16:35:49,1743593749,768755,628555,74,,,
4073766,2025-04-02 23:01:21,1743616881,768804,628604,74,,,
4073767,2025-04-02 23:01:21,1743616881,768805,628605,74,,,
4073808,2025-04-03 00:44:38,1743623078,768831,628631,74,,,
4073988,2025-04-03 07:34:15,1743647655,768923,628723,74,,,
4077734,2025-04-04 08:12:15,1743736335,769282,629084,74,,,
4078830,2025-04-04 15:10:46,1743761446,769345,629147,74,,,
4079445,2025-04-04 18:51:22,1743774682,769365,629167,74,,,
4079468,2025-04-04 19:53:44,1743778424,769372,629174,74,,,
4079501,2025-04-04 20:41:35,1743781295,769386,629188,74,,,
4079566,2025-04-04 22:29:31,1743787771,769405,629207,74,,,
4079710,2025-04-05 03:18:27,1743805107,769442,629244,74,,,
4079740,2025-04-05 05:22:28,1743812548,769464,629266,74,,,
4079857,2025-04-05 09:51:21,1743828681,769518,629320,74,,,
4081480,2025-04-05 21:23:27,1743870207,769603,629405,74,,,
4081496,2025-04-05 22:13:40,1743873220,769606,629408,74,,,
4081678,2025-04-06 03:51:30,1743893490,769668,629470,74,,,
4081682,2025-04-06 03:56:00,1743893760,769670,629472,74,,,
4081687,2025-04-06 04:09:34,1743894574,769673,629475,74,,,
4081699,2025-04-06 04:56:52,1743897412,769386,629188,74,,,
4081970,2025-04-06 19:38:54,1743950334,769820,629622,74,,,
4081981,2025-04-06 20:07:34,1743952054,769830,629632,74,,,
4082011,2025-04-06 22:48:04,1743961684,769848,629650,74,,,
4082025,2025-04-07 00:05:13,1743966313,769860,629662,74,,,
4084223,2025-04-07 18:05:58,1744031158,770119,629924,74,,,
4084254,2025-04-07 18:19:08,1744031948,770121,629926,74,,,
4084332,2025-04-07 18:52:50,1744033970,770129,629934,74,,,
4084404,2025-04-07 20:40:18,1744040418,770140,629945,74,,,
4084481,2025-04-07 23:30:59,1744050659,770176,629981,74,,,
4084496,2025-04-07 23:57:43,1744052263,770185,629990,74,,,
4084640,2025-04-08 03:16:42,1744064202,770236,630041,74,,,
4084749,2025-04-08 06:57:33,1744077453,770312,630117,74,,,
4084757,2025-04-08 07:56:17,1744080977,770320,630125,74,,,
4084891,2025-04-08 09:35:00,1744086900,770336,630141,74,,,
4084918,2025-04-08 10:15:04,1744089304,770341,630146,74,,,
4099230,2025-04-08 17:25:01,1744115101,770397,642895,74,,,
4101463,2025-04-08 18:04:56,1744117496,770414,645026,74,,,
4101580,2025-04-08 18:37:07,1744119427,770425,645037,74,,,
4101691,2025-04-08 19:13:40,1744121620,770431,645043,74,,,
4101756,2025-04-08 21:22:59,1744129379,770455,645067,74,,,
4101776,2025-04-08 22:28:39,1744133319,770185,629990,74,,,
4101952,2025-04-09 04:33:50,1744155230,770525,645137,74,,,
4102129,2025-04-09 08:02:59,1744167779,770580,645192,74,,,
4104143,2025-04-09 22:41:08,1744220468,770705,645317,74,,,
4104150,2025-04-09 23:20:21,1744222821,770708,645320,74,,,
4104177,2025-04-10 00:30:33,1744227033,770716,645328,74,,,
4105399,2025-04-10 12:06:22,1744268782,770874,645488,74,,,
4106633,2025-04-10 22:51:58,1744307518,770984,645588,74,,,
4106854,2025-04-11 06:45:52,1744335952,771096,645700,74,,,
4106863,2025-04-11 07:00:22,1744336822,771101,645705,74,,,
4107081,2025-04-11 10:15:02,1744348502,771135,645739,74,,,
4108141,2025-04-11 12:27:48,1744356468,771174,645777,74,,,
4108493,2025-04-11 16:53:47,1744372427,771213,645814,74,,,
4108494,2025-04-11 16:53:47,1744372427,771214,645815,74,,,
4108690,2025-04-11 17:50:49,1744375849,771227,645828,74,,,
4108691,2025-04-11 17:50:49,1744375849,771228,645829,74,,,
4109244,2025-04-12 03:18:17,1744409897,771331,645932,74,,,
4109245,2025-04-12 03:18:17,1744409897,771332,645933,74,,,
4109248,2025-04-12 03:19:51,1744409991,771333,645934,74,,,
4109310,2025-04-12 07:22:13,1744424533,771391,645991,74,,,
4111135,2025-04-12 19:35:19,1744468519,771504,646103,74,,,
4111149,2025-04-12 19:56:14,1744469774,769386,629188,74,,,
4111253,2025-04-13 00:44:38,1744487078,771556,646156,74,,,
4111298,2025-04-13 01:20:39,1744489239,771571,646171,74,,,
4111300,2025-04-13 01:28:54,1744489734,771574,646174,74,,,
4111493,2025-04-13 08:34:27,1744515267,771679,646279,74,,,
4111632,2025-04-13 11:47:22,1744526842,771702,646302,74,,,
4111634,2025-04-13 12:01:56,1744527716,771703,646303,74,,,
4111640,2025-04-13 12:25:30,1744529130,771706,646306,74,,,
4111741,2025-04-13 22:02:41,1744563761,771779,646379,74,,,
4111856,2025-04-14 02:17:13,1744579033,771851,646451,74,,,
4111884,2025-04-14 03:44:46,1744584286,771868,646468,74,,,
4111909,2025-04-14 05:19:59,1744589999,771899,646499,74,,,
4111951,2025-04-14 07:45:25,1744598725,771936,646536,74,,,
4112386,2025-04-14 10:15:40,1744607740,771961,646562,74,,,
4112773,2025-04-14 11:37:24,1744612644,771998,646599,74,,,
4113317,2025-04-14 12:35:27,1744616127,772012,646613,74,,,
4113936,2025-04-14 16:38:17,1744630697,772082,646683,74,,,
4113947,2025-04-14 16:41:58,1744630918,772083,646684,74,,,
4114407,2025-04-14 21:50:00,1744649400,772131,646732,74,,,
4114529,2025-04-15 02:42:56,1744666976,772184,646785,74,,,
4114553,2025-04-15 04:00:14,1744671614,772194,646795,74,,,
4114600,2025-04-15 06:05:00,1744679100,772228,646829,74,,,
4114606,2025-04-15 06:25:24,1744680324,772231,646832,74,,,
4114610,2025-04-15 06:32:26,1744680746,772234,646835,74,,,
4117022,2025-04-15 20:45:41,1744731941,772347,646948,74,,,
4117042,2025-04-15 21:33:02,1744734782,772360,646961,74,,,
4117072,2025-04-15 23:40:35,1744742435,772379,646980,74,,,
4117334,2025-04-16 04:05:07,1744758307,772453,647055,74,,,
4119221,2025-04-16 15:43:13,1744800193,772582,647185,74,,,
4119222,2025-04-16 15:43:13,1744800193,772583,647186,74,,,
4119223,2025-04-16 15:43:13,1744800193,772584,647187,74,,,
4119717,2025-04-16 18:27:37,1744810057,772607,647210,74,,,
4119800,2025-04-16 19:17:52,1744813072,772619,647222,74,,,
4119876,2025-04-16 21:23:31,1744820611,772640,647243,74,,,
4119896,2025-04-16 22:17:27,1744823847,772649,647252,74,,,
4119915,2025-04-16 23:22:35,1744827755,772660,647263,74,,,
4119933,2025-04-17 00:12:24,1744830744,772670,647273,74,,,
4119955,2025-04-17 01:10:48,1744834248,772686,647289,74,,,
4120081,2025-04-17 02:54:00,1744840440,772701,647304,74,,,
4120128,2025-04-17 05:39:00,1744850340,772740,647343,74,,,
4120186,2025-04-17 08:15:50,1744859750,772767,647370,74,,,
4120990,2025-04-17 11:18:57,1744870737,772794,647397,74,,,
4121164,2025-04-17 11:43:04,1744872184,772803,647406,74,,,
4122444,2025-04-17 19:51:28,1744901488,772873,647476,74,,,
4122544,2025-04-17 23:36:18,1744914978,772907,647510,74,,,
4122545,2025-04-17 23:36:18,1744914978,772908,647511,74,,,
4122552,2025-04-17 23:54:55,1744916095,772913,647516,74,,,
4122672,2025-04-18 02:24:42,1744925082,772935,647538,74,,,
4122690,2025-04-18 03:15:35,1744928135,772946,647549,74,,,
4122703,2025-04-18 03:45:44,1744929944,772954,647557,74,,,
4122730,2025-04-18 05:37:46,1744936666,772954,647557,74,,,
4122776,2025-04-18 08:01:23,1744945283,773014,647617,74,,,
4124284,2025-04-18 17:07:08,1744978028,773092,647695,74,,,
4124510,2025-04-18 19:00:48,1744984848,773114,647717,74,,,
4124586,2025-04-18 21:01:50,1744992110,773136,647739,74,,,
4124624,2025-04-18 23:06:54,1744999614,773157,647760,74,,,
4124632,2025-04-18 23:37:06,1745001426,773162,647765,74,,,
4124648,2025-04-19 00:45:47,1745005547,773172,647775,74,,,
4124766,2025-04-19 02:51:53,1745013113,773200,647803,74,,,
4125930,2025-04-19 12:51:21,1745049081,773313,647917,74,,,
4126015,2025-04-19 13:24:51,1745051091,773321,647925,74,,,
4126706,2025-04-19 18:04:01,1745067841,773356,647960,74,,,
4127041,2025-04-19 23:13:01,1745086381,773411,648015,74,,,
4127549,2025-04-20 16:23:17,1745148197,773584,648188,74,,,
4127593,2025-04-20 21:16:11,1745165771,773615,648219,74,,,
